line,SVG_score,canopy_height,canopy_volume_index,canopy_coverage,ExGR,NGRDI
AVMU0001,2.719466619,0.363748419,0.421209788,0.155616346,0.198522664,0.121481418
AVMU0201,3.09207692,0.372371373,0.437216643,0.16689067,0.165400624,0.112268069
AVMU09701,3.310105964,0.362381542,0.546376468,0.198793466,0.220710181,0.127208159
AVMU8501,3.065499229,0.38826178,0.527939228,0.183719922,0.211009917,0.129110018
Berken,3.215680484,0.373052418,0.540006319,0.200945556,0.208346903,0.123677987
CommChk1,3.119102284,0.373594279,0.515763683,0.196726674,0.201741932,0.124479677
CommChk2,3.79510653,0.416197198,0.715807988,0.24375664,0.241625384,0.143043805
Lincon,3.273935016,0.364547623,0.518307545,0.19330172,0.228914739,0.131084548
OK2000,3.643356539,0.393688052,0.625763087,0.216341439,0.211047458,0.12913475
PI163110,2.710882812,0.351991402,0.400551551,0.154295077,0.170951239,0.110106264
PI164726,3.453862349,0.39154235,0.602236611,0.210398605,0.201113925,0.120674128
PI164770,3.188610973,0.412471401,0.590026393,0.183290778,0.199056843,0.120743304
PI167295,2.833027181,0.311065094,0.348273186,0.157323018,0.164108632,0.104426094
PI179703,2.655601652,0.318717285,0.428154686,0.171140648,0.175575599,0.117765189
PI183458,3.166399977,0.360724545,0.544393685,0.206830546,0.233137804,0.132615672
PI183936,2.749439796,0.337880741,0.461754092,0.184850007,0.209781323,0.129141517
PI199355,2.618853888,0.324361336,0.388707307,0.168695891,0.193765204,0.127108253
PI201869,3.600632542,0.371869141,0.559131588,0.206254289,0.219717071,0.13136437
PI201874,2.978400696,0.35224044,0.490037492,0.186163831,0.19397706,0.115415916
PI213012,2.840024172,0.330947681,0.468916545,0.196246478,0.219512327,0.119222564
PI254557,2.823992842,0.338580111,0.270493082,0.126360151,0.166442388,0.100398486
PI264686,2.986314851,0.367621318,0.49940047,0.193087966,0.210341744,0.12290351
PI271401,3.198585348,0.316308281,0.440998267,0.199786921,0.192246701,0.116448509
PI271403,3.2189459,0.357614649,0.534795835,0.205585315,0.23461209,0.132930957
PI305413,2.790202691,0.337042206,0.416828115,0.171202751,0.182383813,0.116434397
PI346313,2.944638828,0.367215214,0.493416208,0.17352394,0.184134079,0.118453366
PI346315,2.891106819,0.343802044,0.431544427,0.175172636,0.172658145,0.110320784
PI362307,3.163062845,0.353894875,0.440244165,0.185337082,0.183676498,0.116318786
PI362309,2.798622397,0.359213103,0.440079193,0.171551936,0.172173803,0.113319453
PI362310,3.184629309,0.388836202,0.559996456,0.194925905,0.220007733,0.130662226
PI362311,2.826206673,0.340406167,0.467954471,0.193241562,0.219936626,0.130355869
PI362316,2.923296018,0.3533922,0.441097876,0.176211166,0.201714752,0.116330016
PI362322,3.272639514,0.375542223,0.54705412,0.203564243,0.196701528,0.123567177
PI362324,2.95134124,0.362030283,0.432651461,0.156962632,0.183553342,0.118612081
PI362326,3.086559239,0.344463915,0.496158395,0.196572508,0.19559672,0.12229914
PI362327,2.778213424,0.376044252,0.490395094,0.184655487,0.203955538,0.124888825
PI363147,2.890219144,0.364627306,0.483608657,0.185347445,0.181564814,0.116086885
PI363149,3.282579521,0.391615918,0.572343363,0.205462663,0.234821528,0.138263688
PI363152,2.655666338,0.334648433,0.404973686,0.170872842,0.211963981,0.127567956
PI363153,2.884970458,0.277530784,0.30230948,0.145117682,0.164180286,0.109601417
PI363190,2.744920547,0.338867712,0.434118417,0.174072273,0.168996996,0.109939407
PI363204,3.283774607,0.373069625,0.573909464,0.20837877,0.198679243,0.128641145
PI363222,2.836295722,0.343049416,0.474363694,0.188255617,0.233216767,0.128862538
PI363231,2.825733369,0.367080548,0.499727354,0.180863948,0.188684259,0.11777576
PI363271,2.635644851,0.319002174,0.327145559,0.147305361,0.173983695,0.105872425
PI363272,3.084323399,0.383357382,0.528111533,0.185282356,0.174595121,0.107738082
PI363301,2.72163179,0.362556661,0.425032825,0.167815489,0.183069523,0.118320638
PI363302,2.590356773,0.31512385,0.34159757,0.161212961,0.174496161,0.10992743
PI363315,2.855179473,0.364050477,0.465961543,0.178374589,0.184122881,0.117188235
PI363324,3.293556573,0.375908099,0.463722718,0.171650923,0.207338332,0.126660682
PI363326,2.426269281,0.347449692,0.422078484,0.16751232,0.175151483,0.113344665
PI363330,2.945460055,0.362374097,0.483628993,0.181086401,0.229509254,0.133192659
PI363332,2.410204078,0.303953734,0.310726288,0.14921443,0.187085682,0.111486799
PI363333,2.566415807,0.319197251,0.38798641,0.168638814,0.182272015,0.111812655
PI363334,2.949981561,0.345927719,0.454908635,0.184756553,0.191162199,0.120358212
PI363341,3.083383927,0.362104629,0.491378878,0.189105467,0.214477195,0.118209878
PI363346,2.65416367,0.326351791,0.385594234,0.172765903,0.160292054,0.10936501
PI363354,3.291697515,0.401423533,0.556166067,0.18712014,0.198537263,0.116143183
PI363358,3.398557863,0.396003501,0.583000525,0.191190572,0.188796906,0.118118083
PI363359,3.244534392,0.365721101,0.561260671,0.207118811,0.212996411,0.129028047
PI363360,3.131593156,0.327313133,0.495723852,0.206219016,0.199282447,0.119136104
PI363362,3.6126421,0.336878465,0.511649929,0.20642174,0.221384261,0.131534988
PI363374,2.429411377,0.324228217,0.411686214,0.181941783,0.184842325,0.111490934
PI363377,2.732189902,0.346216338,0.475310756,0.195367526,0.201902026,0.124050857
PI363380,2.662301876,0.32887003,0.424371902,0.181877288,0.178797122,0.116528257
PI363381,3.492367092,0.35395474,0.569915127,0.227124524,0.22237488,0.131021033
PI363391,2.60232449,0.29843119,0.29467389,0.142923003,0.144389461,0.101690362
PI363407,3.106845872,0.397090694,0.585900491,0.194169019,0.199566535,0.123357673
PI363416,2.94958968,0.327464262,0.465413512,0.203804595,0.194808507,0.121666082
PI363419,3.034361579,0.346444659,0.503778496,0.205196763,0.215310616,0.127051921
PI363459,2.663867895,0.338761959,0.437477586,0.174806577,0.177218164,0.115367585
PI363474,3.091323444,0.396266297,0.577676343,0.210576478,0.216582394,0.12823822
PI363475,2.090159474,0.281532628,0.322628696,0.156202456,0.16876196,0.110898343
PI363484,2.599134158,0.346027047,0.407411215,0.159421142,0.223656517,0.124228989
PI363485,2.666023845,0.332626177,0.454485695,0.180705636,0.192343528,0.122274373
PI363493,2.705792694,0.330830344,0.427155831,0.178019646,0.189638846,0.119437999
PI363494,3.030689323,0.379449028,0.542273294,0.189292744,0.198997095,0.121629667
PI363506,3.213260753,0.333351165,0.456522753,0.185974856,0.202753456,0.126426925
PI363514,3.456736881,0.383367706,0.545090375,0.19021568,0.206144855,0.127556872
PI363516,2.592970731,0.310317305,0.420464706,0.183817746,0.184852349,0.120616999
PI363517,3.066064782,0.363615036,0.549501368,0.207667682,0.21097115,0.126019214
PI363523,3.348359306,0.378925884,0.602139896,0.218624273,0.21595037,0.124533407
PI363565,2.607653633,0.309083823,0.328422959,0.160586695,0.163420246,0.102150243
PI363566,2.470513042,0.309906053,0.350506794,0.167550492,0.182228367,0.111928434
PI363585,2.493234127,0.319004215,0.390808483,0.164679678,0.195260469,0.119825056
PI363591,3.119928099,0.394021797,0.552311815,0.18886026,0.211113049,0.118826253
PI363592,3.057363166,0.357300876,0.408571407,0.178986492,0.20755611,0.130041577
PI363595,2.892093357,0.353200564,0.471627013,0.186557721,0.196891344,0.125367822
PI363596,1.847051949,0.262826425,0.264297567,0.123376328,0.177314145,0.117030305
PI363597,2.339537526,0.298031891,0.295106441,0.140108015,0.15763882,0.102628908
PI363600,2.911972504,0.340014411,0.469016161,0.187775985,0.189076881,0.121360617
PI363604,3.236529118,0.346930212,0.482784029,0.190623453,0.186821693,0.114561066
PI363605,2.598316314,0.348840323,0.393706848,0.160159293,0.172799029,0.106573529
PI363613,2.931132354,0.378726294,0.540953146,0.198429645,0.225801242,0.131744279
PI363615,2.445306892,0.299745574,0.356778082,0.166839957,0.158676394,0.116556976
PI363635,3.103003094,0.36278426,0.5132811,0.192905335,0.206634964,0.129231617
PI363645,3.127268382,0.354325443,0.532936555,0.207470806,0.199778275,0.117740834
PI363647,2.705932542,0.340128076,0.421924721,0.174661625,0.201205286,0.12929589
PI363657,2.559720043,0.294044972,0.342253584,0.154118739,0.18113377,0.116648274
PI363668,2.607151714,0.327313636,0.367932375,0.155402651,0.180148176,0.112982836
PI363678,2.796575198,0.319743847,0.352647379,0.16948706,0.168046044,0.112801635
PI363696,2.63134215,0.319515635,0.370735156,0.161127875,0.170572117,0.109048986
PI363699,3.409682587,0.366663919,0.527601319,0.200092941,0.214006525,0.131148896
PI363763,3.176014305,0.32220353,0.434138916,0.194177611,0.211774149,0.12737621
PI363766,2.901296869,0.354292027,0.414284629,0.167197803,0.168806397,0.106728118
PI363778,3.048739488,0.360441177,0.440664089,0.172529838,0.177105418,0.113672036
PI363779,2.806906438,0.357957739,0.539830358,0.206936874,0.208602615,0.123323521
PI363781,2.885727481,0.337706115,0.375057787,0.165458687,0.182994946,0.116717471
PI363782,3.318391553,0.362887007,0.464412507,0.183124013,0.185484038,0.117278512
PI363820,2.066962316,0.25982634,0.293702105,0.151976819,0.167945054,0.1127248
PI363823,2.308465619,0.324091892,0.365507202,0.150274803,0.1746961,0.109705234
PI363824,1.790386774,0.307620942,0.268369492,0.13736064,0.150120709,0.110287328
PI363825,2.312566781,0.293716483,0.341419848,0.150050788,0.180236099,0.116398379
PI363828,2.498300984,0.308135444,0.340023132,0.170186086,0.181360488,0.113881463
PI363836,2.706006914,0.3188199,0.418516546,0.190293324,0.218453175,0.132738774
PI363840,2.543746509,0.355498956,0.452607398,0.166803512,0.178822166,0.115650732
PI363869,2.536046152,0.322082099,0.455966336,0.191128347,0.203546209,0.126887641
PI363909,3.057435781,0.369090078,0.523017768,0.191586192,0.1967015,0.119883614
PI363974,2.819847469,0.296771136,0.377141011,0.185046318,0.18235174,0.113390583
PI363988,2.787201034,0.354413386,0.464036916,0.186807198,0.182954692,0.115968503
PI363989,2.602213855,0.350554227,0.464560884,0.180525982,0.180106197,0.112466067
PI364007,4.045118567,0.453179162,0.677936648,0.208166577,0.211776583,0.125005636
PI364015,2.943274839,0.351896359,0.396451572,0.163148067,0.161675966,0.108686823
PI364016,3.252952641,0.397464545,0.539290379,0.192952,0.183545314,0.112742307
PI364028,2.60811181,0.342938552,0.393541126,0.157110142,0.169116589,0.108446909
PI364047,3.08998351,0.363232611,0.521094175,0.186866592,0.206888215,0.117996474
PI364049,3.653578466,0.398436961,0.611732583,0.230941286,0.223417921,0.132296681
PI364070,3.439569721,0.408594287,0.591044861,0.209252369,0.204173784,0.12307074
PI364119,2.765655525,0.343791332,0.510830497,0.203745218,0.198086105,0.115338686
PI364123,2.982973293,0.394181582,0.544435018,0.206366781,0.199961164,0.123177817
PI364167,2.267401678,0.312007075,0.378206384,0.163901326,0.205626676,0.125806218
PI364205,3.175286844,0.339466947,0.495306308,0.191932393,0.199320266,0.12646505
PI364213,2.916604698,0.31271319,0.405145798,0.182993748,0.190348392,0.118793138
PI364214,2.689892014,0.367524478,0.452659879,0.159154909,0.186593116,0.115103854
PI364218,3.050765931,0.367621315,0.481799134,0.18105284,0.192488884,0.120371327
PI364224,2.802696162,0.330512019,0.362785043,0.15763165,0.178942764,0.111865535
PI364225,3.006170858,0.366329944,0.50464777,0.180836097,0.190405497,0.114352225
PI364230,3.138301556,0.361645755,0.461431368,0.172360891,0.157492009,0.108509127
PI364231,2.829476217,0.369189664,0.38341101,0.140211924,0.165570924,0.106381929
PI368266,2.470359003,0.340376731,0.448483937,0.180763744,0.182867417,0.116730973
PI368275,2.153844319,0.288564383,0.285568416,0.131104866,0.151705831,0.108213888
PI368277,2.717404288,0.323991371,0.419734377,0.184195061,0.190432083,0.11351638
PI368279,3.398159067,0.373194349,0.551564309,0.216111152,0.188220754,0.115494194
PI368285,2.563205221,0.290062929,0.333903938,0.167710538,0.190066603,0.125238822
PI368302,2.84243064,0.353996923,0.473719247,0.181963073,0.194907666,0.120817489
PI368305,3.149607799,0.349093963,0.457660796,0.195645471,0.20381449,0.125405
PI368329,2.780559297,0.339081766,0.443249273,0.170800464,0.189059944,0.118251789
PI368330,3.233749808,0.394033797,0.627313867,0.215621702,0.218112925,0.128996451
PI368332,2.574362949,0.365524099,0.499966519,0.176355061,0.18441045,0.115647154
PI369768,3.596609007,0.386093912,0.53796621,0.197081998,0.209691161,0.118928192
PI369795,3.008911512,0.359214864,0.451548313,0.180130637,0.186377844,0.120721587
PI374130,2.841380761,0.355191119,0.41885859,0.17663133,0.186500579,0.115131159
PI376849,3.022367205,0.371023825,0.535875677,0.197817485,0.186495,0.120221209
PI376850,3.45640026,0.403442032,0.673074936,0.225342939,0.210263381,0.129447288
PI376856,3.343068504,0.371855324,0.567984429,0.200279839,0.198252329,0.11898904
PI376923,3.304197227,0.354800443,0.436058987,0.175849661,0.222276671,0.135412872
PI376951,2.129477459,0.293313086,0.234392435,0.116114336,0.153001635,0.108252173
PI376952,2.162325897,0.29344839,0.30949075,0.150765494,0.158913066,0.108656121
PI376989,2.569537881,0.350591003,0.441817367,0.169530378,0.194175038,0.122161779
PI377014,2.494467009,0.276685861,0.315356592,0.158596098,0.170106609,0.111071157
PI377022,2.61876185,0.34864636,0.415425289,0.174275615,0.178482733,0.11871673
PI377039,2.699179511,0.358637093,0.449039179,0.176847614,0.188118522,0.113229208
PI377081,2.795983629,0.336664838,0.372457588,0.16426441,0.171856782,0.101273531
PI377138,3.367101769,0.37847837,0.517573617,0.179385007,0.196432414,0.121002869
PI377147,3.110780853,0.341800193,0.453748081,0.18122206,0.225486413,0.133796983
PI377186,2.913592289,0.359349271,0.507047576,0.188012019,0.194966442,0.12168255
PI377193,2.567188126,0.33812415,0.437323133,0.172552178,0.193284387,0.11584208
PI377195,3.340968047,0.360910079,0.541681045,0.207791448,0.199492295,0.127689994
PI377196,3.169379969,0.389988103,0.524249764,0.197970037,0.211667167,0.12622878
PI377197,2.888578044,0.334499518,0.487278605,0.20123488,0.20558116,0.119126666
PI377198,2.72862165,0.34638979,0.429213072,0.165726518,0.162721813,0.106238229
PI377202,2.631208921,0.340332719,0.49243038,0.18855489,0.21434047,0.12013773
PI377203,2.834845838,0.364202016,0.41033757,0.162524419,0.209744347,0.11902162
PI377207,2.574165584,0.319430547,0.342085654,0.152204406,0.165083624,0.107127299
PI377208,2.487809337,0.313426925,0.39624698,0.179353984,0.179564313,0.115181856
PI377217,2.714690619,0.326343329,0.320797864,0.147095532,0.165726444,0.107536699
PI377220,3.115049349,0.34824071,0.487644714,0.183231702,0.1667805,0.107089412
PI377223,2.848896522,0.349508902,0.427837002,0.167248026,0.156392463,0.108696331
PI377228,3.050603926,0.330536208,0.422428332,0.178589231,0.17625876,0.114677235
PI377231,2.660262261,0.307607065,0.401059449,0.179861485,0.182777016,0.117678519
PI377232,2.772907178,0.313387828,0.314124932,0.146152859,0.148452351,0.096732853
PI377233,2.748941465,0.348950227,0.468056162,0.187100887,0.172573564,0.113804407
PI377235,3.220881883,0.340849361,0.480076994,0.196479598,0.203661521,0.122632427
PI377236,3.214853563,0.339129617,0.460609313,0.18016868,0.223470492,0.124935044
PI377238,2.424166624,0.294825023,0.298781641,0.141453359,0.162264025,0.10689606
PI377239,2.946698162,0.332675587,0.432960825,0.180868034,0.172997994,0.110052195
PI377241,2.909857211,0.339853978,0.481023793,0.196245822,0.182069174,0.110362664
PI377242,2.685984061,0.32443299,0.394171621,0.170414706,0.170358218,0.112897876
PI377244,3.262924661,0.390780817,0.578907187,0.191701974,0.195824958,0.122257388
PI377248,3.215241041,0.36415855,0.424315022,0.165788476,0.194210964,0.115818874
PI377249,2.608435557,0.320410252,0.401996225,0.17145488,0.197595204,0.119029496
PI377250,3.060460498,0.337716823,0.413913617,0.171315001,0.20615988,0.125234817
PI377255,2.859164146,0.344928573,0.445270779,0.162428555,0.188840276,0.111368241
PI377256,2.477294631,0.311821327,0.393637594,0.177175736,0.216092506,0.123313145
PI377258,2.842179804,0.309583822,0.399182149,0.176525429,0.203347939,0.117687319
PI377259,3.113207419,0.348603619,0.469046441,0.196138235,0.1966474,0.125849528
PI377261,2.98600871,0.369350068,0.458572691,0.183712621,0.1811201,0.115516518
PI377262,2.779292592,0.324621397,0.393967398,0.190162983,0.185320822,0.111293651
PI377263,2.601462339,0.330063194,0.394236835,0.170005377,0.198983028,0.115969643
PI377265,2.15661196,0.320332647,0.318153017,0.136133625,0.169188667,0.108490098
PI377266,2.636792436,0.315989636,0.37570048,0.171568119,0.175384667,0.11278311
PI377267,2.56715416,0.316972806,0.362084241,0.16791108,0.156929584,0.106409315
PI377268,3.011566948,0.335047274,0.393084563,0.170131559,0.206968599,0.118839003
PI377271,2.713694034,0.367311887,0.505102244,0.185816354,0.197989503,0.117329284
PI377272,2.79272307,0.360191911,0.487321733,0.184505195,0.188126646,0.117594719
PI377274,2.392190656,0.358533449,0.39348989,0.151183858,0.160970739,0.104338678
PI377275,2.611906903,0.337526252,0.405597468,0.161687638,0.188382481,0.116054805
PI377276,3.022539372,0.381517976,0.58376779,0.198082892,0.198324858,0.119559969
PI377281,3.092030013,0.349669719,0.435244573,0.169956268,0.182120453,0.113157189
PI377283,2.919788357,0.342942892,0.492559837,0.194766447,0.211008317,0.127374348
PI377284,2.735135339,0.318761895,0.362998977,0.165487126,0.195094494,0.116604903
PI377286,2.25607449,0.298228621,0.281446558,0.127765152,0.145894833,0.102958143
PI377287,2.591354828,0.322641241,0.460299501,0.178613511,0.173639485,0.114308
PI377288,2.692199111,0.314493027,0.376338774,0.172511555,0.180200414,0.10805718
PI377296,2.692072252,0.332126254,0.441787425,0.169848307,0.201092802,0.123388485
PI377297,2.348080693,0.280085878,0.252639631,0.146149288,0.149582045,0.100683264
PI377298,1.458052383,0.240496391,0.148367263,0.086036345,0.112034169,0.087420009
PI377299,2.660075823,0.313877741,0.408106584,0.187458603,0.189704592,0.11586938
PI377304,2.789139323,0.361227312,0.38363667,0.149022087,0.16834202,0.111855333
PI377305,3.035123521,0.355077957,0.480588517,0.190154126,0.232434706,0.133396233
PI377306,2.767273055,0.351301242,0.435810787,0.175510331,0.188234568,0.116486122
PI377312,2.600565828,0.330108438,0.419743928,0.171617378,0.183648355,0.117374401
PI377313,2.607783544,0.347140626,0.388468483,0.146929577,0.186139655,0.113592001
PI377316,3.053387257,0.354703963,0.522803622,0.197947076,0.200479456,0.123518425
PI377338,2.760544122,0.361542758,0.479754592,0.178687003,0.193009763,0.121912941
PI377342,2.782776517,0.327292546,0.440241905,0.182993267,0.163118423,0.107496325
PI377349,2.713241454,0.368218414,0.458485762,0.180987547,0.186942797,0.119295061
PI377354,2.770860072,0.355143552,0.397405855,0.14276495,0.174601088,0.10980732
PI377363,3.155950369,0.366869614,0.458429006,0.178920093,0.181475961,0.107414985
PI385297,2.650398984,0.305558805,0.356369459,0.154060739,0.183881866,0.110949451
PI390419,3.247089365,0.361772897,0.56270287,0.226128995,0.221783043,0.137427256
PI413223,2.939089117,0.362196316,0.501829762,0.190502768,0.187345487,0.117758904
PI424964,2.877630987,0.360639518,0.425773932,0.175354514,0.157574049,0.109645409
PI424984,3.340831456,0.377610079,0.551310795,0.19825667,0.20889758,0.129341597
PI425029,3.162454495,0.375398472,0.508246413,0.186945276,0.196628226,0.121498203
PI425038,2.979350825,0.380370899,0.588508583,0.213569503,0.230736385,0.143060065
PI425045,4.04601734,0.411078999,0.583313477,0.191425904,0.211170896,0.123464218
PI425085,3.91074603,0.409858972,0.64835148,0.217396915,0.212137833,0.131529852
PI425130,2.639480795,0.30912585,0.422302696,0.197976127,0.199996092,0.123799962
PI425136,2.584069038,0.31530611,0.379559336,0.174963678,0.186373402,0.116447368
PI425138,2.835150413,0.353879575,0.421450911,0.174335209,0.197597567,0.126075205
PI425160,3.328766792,0.381087022,0.510419678,0.215663984,0.181281208,0.115299108
PI425167,3.740991471,0.411942692,0.657350481,0.227393285,0.198173173,0.116890524
PI425169,3.198578412,0.397945594,0.512163197,0.18583074,0.186142194,0.117056271
PI425192,2.269411079,0.330386866,0.44464026,0.18557273,0.205479687,0.123569567
PI425201,3.027057489,0.353258543,0.507462075,0.203427575,0.220115825,0.130658368
PI425219,3.026253896,0.3608734,0.481014191,0.197015287,0.186666276,0.120559467
PI425229,3.306094815,0.375566953,0.606970291,0.220413763,0.218588429,0.130415602
PI425240,3.738370933,0.379574652,0.585648842,0.220395724,0.20493751,0.128104775
PI425254,2.430534491,0.331833284,0.361462522,0.158079984,0.170254863,0.110503349
PI425259,3.219777433,0.400132617,0.591445822,0.216115939,0.173574904,0.107111135
PI425261,2.988451502,0.346983196,0.44587929,0.183006849,0.181634318,0.117713859
PI425264,2.963306681,0.333708628,0.435115162,0.18184732,0.183530615,0.120875478
PI425269,3.466130812,0.391011641,0.611882448,0.224192403,0.216975927,0.123518879
PI425271,2.942783251,0.390640284,0.553252559,0.18713228,0.190374214,0.116670312
PI425274,2.72772171,0.348288284,0.446826189,0.173063034,0.159094773,0.106374381
PI425330,3.084933656,0.373770628,0.518343144,0.196817172,0.196756753,0.121125247
PI425385,3.045916204,0.332436505,0.377894337,0.165580047,0.182415227,0.118748485
PI425387,2.420736779,0.304126459,0.287273016,0.145268497,0.179615311,0.106933021
PI425388,2.889398791,0.318141935,0.379351829,0.178101104,0.187487838,0.117961667
PI425389,2.414484051,0.300303597,0.348174361,0.147959417,0.175718196,0.111632867
PI425399,3.053289163,0.3747385,0.546454962,0.204053964,0.212633681,0.120801461
PI425413,2.816320258,0.359716279,0.466867303,0.192796179,0.187125373,0.11518045
PI425418,3.203481125,0.383951346,0.551181293,0.197827198,0.174929886,0.110455912
PI425421,2.528226821,0.305811898,0.387532076,0.172336007,0.186234228,0.113757803
PI425422,3.147834542,0.377597898,0.49501041,0.180381742,0.196882661,0.117359572
PI425423,3.346797489,0.375202104,0.516508569,0.197495961,0.204690209,0.129204115
PI425424,2.964194355,0.373314072,0.536381939,0.20311062,0.206806613,0.127112076
PI425425,3.275571015,0.372518267,0.536393741,0.210027531,0.193494146,0.12181252
PI425435,2.88963379,0.337848342,0.418424263,0.180760912,0.185853866,0.114951637
PI425446,2.959194937,0.359273396,0.514037411,0.197464947,0.207937028,0.121495641
PI425456,3.380862585,0.402959279,0.628659634,0.21615945,0.225655987,0.128525316
PI425463,3.692186734,0.411587866,0.616905312,0.224374412,0.23735329,0.13383527
PI425464,3.768713785,0.404897372,0.666880783,0.241529267,0.229228755,0.131490688
PI425481,2.784805043,0.377584577,0.526776574,0.189917961,0.187320921,0.113638731
PI425483,3.574561144,0.391692724,0.631693213,0.233318873,0.23626824,0.132436487
PI425484,2.381703886,0.305752052,0.364703889,0.165967548,0.179837571,0.118418848
PI425485,2.972403991,0.319645594,0.39422788,0.177473027,0.200654955,0.123866263
PI425487,2.289250588,0.299018678,0.3169351,0.145221976,0.117938529,0.092137454
PI425503,2.787470234,0.347105914,0.420847005,0.170804058,0.166910957,0.107434171
PI425504,3.277614664,0.403581026,0.624732203,0.212715674,0.212522007,0.130932694
PI425506,2.562322479,0.35570697,0.471940559,0.178731945,0.231193677,0.134761791
PI425507,3.016761047,0.359896265,0.444237978,0.174100855,0.209668461,0.117949321
PI425508,2.621054107,0.353792872,0.383365083,0.142762275,0.172632468,0.111500832
PI425509,2.705552212,0.360695176,0.490122872,0.181208115,0.207577479,0.116865707
PI425510,2.84527004,0.355318094,0.433868567,0.165742373,0.208498071,0.119088454
PI425511,3.024765158,0.366248973,0.452167892,0.171235078,0.196047723,0.121945789
PI425512,2.998940219,0.368809223,0.559188697,0.20063579,0.198854079,0.122506977
PI425513,3.081554664,0.365948573,0.54872795,0.20750781,0.208094729,0.123903443
PI425515,2.618331999,0.36035928,0.462409025,0.185580455,0.164537276,0.114472451
PI425517,2.845719048,0.360460579,0.479505879,0.168648321,0.202630367,0.12673161
PI425518,3.291676534,0.37336144,0.592289754,0.218870674,0.236166549,0.129950975
PI425520,2.878899658,0.33325347,0.418293332,0.166214743,0.177292875,0.122599132
PI425522,2.96297503,0.325415569,0.354190409,0.16798205,0.192601962,0.114220127
PI425523,3.167865663,0.347176613,0.529506715,0.214133416,0.233258094,0.137024843
PI425527,3.403356324,0.385960315,0.561291063,0.200067005,0.211567087,0.122888116
PI425528,3.15062081,0.3665696,0.511140211,0.187282117,0.19627392,0.121960633
PI425529,2.688615058,0.361567297,0.512154669,0.178836542,0.178610579,0.113309685
PI425533,3.360935535,0.363379434,0.519777902,0.200098651,0.208711323,0.124105661
PI425534,2.53954408,0.322222661,0.36527371,0.155544766,0.157496475,0.101296525
PI425535,3.132670539,0.382550632,0.480129338,0.189654331,0.192228126,0.118188905
PI425536,3.13377923,0.383854011,0.490608377,0.188125897,0.22064872,0.134656601
PI425537,2.922777298,0.332899527,0.456713793,0.197413573,0.210434014,0.124343823
PI425544,3.406156978,0.381345167,0.546153596,0.202006842,0.202437948,0.118675834
PI425546,2.87452755,0.354809602,0.487973727,0.20297039,0.217893687,0.124309485
PI425548,2.731320421,0.348025369,0.413863254,0.169373103,0.182928765,0.119211542
PI425551,3.561962802,0.38785005,0.575872225,0.20923939,0.221529927,0.132218967
PI425552,2.670449459,0.313984014,0.304268368,0.164784223,0.174101181,0.107281377
PI425554,3.383757139,0.347333581,0.54798481,0.20548033,0.221546612,0.127309824
PI425557,3.16996112,0.370296519,0.455689171,0.177285463,0.181502508,0.112347421
PI425569,3.44272302,0.396437693,0.604035767,0.199219244,0.181986932,0.115267823
PI425570,2.611311621,0.332484896,0.409456261,0.170761773,0.199715398,0.121348744
PI425573,2.759762909,0.369459938,0.480330549,0.175261419,0.185173793,0.117251037
PI425575,3.136021264,0.348885084,0.486760022,0.189916199,0.211238878,0.12934132
PI425577,2.775880851,0.359223748,0.414414134,0.164886431,0.182342882,0.114737004
PI425580,3.07945402,0.395083896,0.594493603,0.197100679,0.185870343,0.115065515
PI425581,3.042824607,0.385273795,0.487355486,0.182526455,0.197264747,0.116056018
PI425582,3.314342983,0.354806366,0.501464207,0.210254497,0.203313457,0.122821095
PI425583,2.78006994,0.362835882,0.482945161,0.18160296,0.187762211,0.120104934
PI425585,2.998796303,0.35622961,0.481487021,0.185049114,0.218478896,0.130864185
PI425586,2.662752121,0.332837612,0.357563844,0.157003699,0.177273216,0.115019292
PI425587,2.885151926,0.341757413,0.489727064,0.203556244,0.226749837,0.133346372
PI425591,2.847578108,0.352554648,0.417548377,0.16204937,0.203688959,0.130270915
PI425592,2.902064961,0.335527279,0.466990827,0.196519418,0.188720559,0.128302925
PI425593,3.117555661,0.3632862,0.535701574,0.195923004,0.205917529,0.123411557
PI425594,3.366871738,0.400942697,0.617272419,0.209357846,0.200022087,0.11630301
PI425599,3.798232924,0.401209055,0.608244411,0.210105214,0.211627649,0.13119597
PI425610,3.346356736,0.378437408,0.538064023,0.198231632,0.216834829,0.125331772
PI425634,2.896292441,0.319193403,0.419934945,0.188976276,0.174292765,0.112682499
PI425646,3.333971917,0.389546126,0.625068032,0.22149737,0.214570338,0.131153567
PI425725,3.405802049,0.361717265,0.548109635,0.213845961,0.208136335,0.124344285
PI425765,2.702444068,0.335506101,0.413675346,0.172954428,0.189687364,0.117263385
PI425766,2.645675574,0.342491128,0.438360663,0.183765593,0.173223897,0.114556431
PI425770,2.950482235,0.311091383,0.366522336,0.171700556,0.178431869,0.113974138
PI425771,2.867279534,0.369181806,0.561884157,0.204359636,0.204222458,0.122723224
PI425803,3.150486766,0.35440966,0.496069104,0.203247823,0.235179195,0.133692271
PI425811,2.953090137,0.361835941,0.429180069,0.157914539,0.174020709,0.109250932
PI425812,2.969311582,0.347918394,0.516013654,0.207143275,0.207545725,0.125064282
PI425814,3.417916364,0.374468402,0.622651775,0.234398858,0.231877624,0.137973759
PI425815,3.126422471,0.400293247,0.580679951,0.199825693,0.201039539,0.121039565
PI425816,3.306809947,0.379621168,0.566200547,0.218246233,0.225845997,0.126849673
PI425818,2.745168526,0.332205662,0.501624112,0.215550629,0.202437627,0.123293822
PI425822,2.444856083,0.325396335,0.347848745,0.153680938,0.169670007,0.109694907
PI425823,2.840501504,0.346265846,0.402692254,0.164640287,0.202984464,0.122867198
PI425824,2.684028548,0.339461209,0.455285856,0.181198792,0.216396861,0.132788095
PI425832,2.623210035,0.360529856,0.47362229,0.181430402,0.198947239,0.125914215
PI425840,2.717456575,0.387074481,0.504226233,0.178433208,0.192361205,0.119736798
PI425841,3.067049441,0.397926471,0.539272756,0.187075272,0.183300671,0.120214752
PI425842,3.144770863,0.41032107,0.568464847,0.190574797,0.190520818,0.124001261
PI425852,2.532754506,0.353917031,0.446488615,0.167389644,0.19630838,0.121001676
PI425859,3.453645174,0.332259617,0.511459023,0.207530941,0.220989976,0.134388328
PI425862,3.314405058,0.395483763,0.613119504,0.216961652,0.217544191,0.125491092
PI425891,3.479499616,0.385209009,0.51764226,0.194564222,0.199804777,0.121122765
PI425965,2.797356013,0.341658716,0.414593171,0.170240137,0.185312479,0.117852591
PI426026,2.992680848,0.34459692,0.502907952,0.205684766,0.193439051,0.126887804
PI426029,2.758295969,0.331119396,0.433471161,0.188484204,0.176952215,0.113531899
PI426038,3.235287204,0.356175765,0.551412338,0.214724133,0.207580039,0.131145845
PI426039,3.566612236,0.37876111,0.594788823,0.221831037,0.184038137,0.117438327
PI426042,3.558994706,0.378310199,0.568541526,0.21563847,0.21181943,0.129300708
PI426055,3.066996517,0.372636391,0.439824297,0.167370206,0.175802395,0.112276698
PI426058,2.613087539,0.342118905,0.431383256,0.165379865,0.169374459,0.106948741
PI426098,3.046755084,0.361145099,0.486276613,0.174112325,0.202548748,0.116596944
PI426109,2.41992273,0.361465028,0.384404581,0.15255609,0.161554246,0.109571164
PI426118,2.672503605,0.340673208,0.472417372,0.191086681,0.198886012,0.116950404
PI426127,2.84664365,0.365988977,0.470957991,0.178880228,0.177877796,0.113313088
PI426139,2.902960535,0.331435328,0.466779279,0.202720224,0.194452538,0.117028692
PI426149,2.828441365,0.380121234,0.490361066,0.165982096,0.195470454,0.118586009
PI427024,2.673550468,0.335327323,0.37689695,0.158509054,0.191890813,0.113462803
PI427060,3.511136448,0.398613442,0.677168531,0.234199967,0.23082622,0.137344939
PI674166,3.42961406,0.378521456,0.524586317,0.193287992,0.215303983,0.127662339
TypeP,3.192598596,0.3667791,0.537636475,0.206518188,0.193488829,0.120719116
TypeRB,3.204094028,0.380309569,0.571051785,0.197492684,0.189169228,0.120970323
